{
  "project_info": {
    "project_number": "430613930016",
    "firebase_url": "https://calllog-54fa3.firebaseio.com",
    "project_id": "calllog-54fa3",
    "storage_bucket": "calllog-54fa3.appspot.com"
  },
  "client": [
    {
      "client_info": {
        "mobilesdk_app_id": "1:430613930016:android:0402e7a9bae3a6e4",
        "android_client_info": {
          "package_name": "tdm2018.ittepic.edu.tdm2018_u5_58_calllog"
        }
      },
      "oauth_client": [
        {
          "client_id": "430613930016-11t9fcaqkpp462ds5c658883afih4dpl.apps.googleusercontent.com",
          "client_type": 3
        },
        {
          "client_id": "430613930016-11t9fcaqkpp462ds5c658883afih4dpl.apps.googleusercontent.com",
          "client_type": 3
        }
      ],
      "api_key": [
        {
          "current_key": "AIzaSyBtBPvCcC5VRY45jFaWN94DIpfjKg3vEiQ"
        }
      ],
      "services": {
        "analytics_service": {
          "status": 1
        },
        "appinvite_service": {
          "status": 1,
          "other_platform_oauth_client": []
        },
        "ads_service": {
          "status": 2
        }
      }
    },
    {
      "client_info": {
        "mobilesdk_app_id": "1:430613930016:android:77ae709ad0e4634f",
        "android_client_info": {
          "package_name": "tdm2018.ittepic.edu.tdm2018_u5_cll_lg"
        }
      },
      "oauth_client": [
        {
          "client_id": "430613930016-t69dkn0k47atc6qcc87sddg5tbpdce04.apps.googleusercontent.com",
          "client_type": 1,
          "android_info": {
            "package_name": "tdm2018.ittepic.edu.tdm2018_u5_cll_lg",
            "certificate_hash": "6d657dcf48c79d3a36c5e8d5f7489931dc8b9be1"
          }
        },
        {
          "client_id": "430613930016-11t9fcaqkpp462ds5c658883afih4dpl.apps.googleusercontent.com",
          "client_type": 3
        },
        {
          "client_id": "430613930016-11t9fcaqkpp462ds5c658883afih4dpl.apps.googleusercontent.com",
          "client_type": 3
        }
      ],
      "api_key": [
        {
          "current_key": "AIzaSyBtBPvCcC5VRY45jFaWN94DIpfjKg3vEiQ"
        }
      ],
      "services": {
        "analytics_service": {
          "status": 1
        },
        "appinvite_service": {
          "status": 2,
          "other_platform_oauth_client": [
            {
              "client_id": "430613930016-11t9fcaqkpp462ds5c658883afih4dpl.apps.googleusercontent.com",
              "client_type": 3
            }
          ]
        },
        "ads_service": {
          "status": 2
        }
      }
    }
  ],
  "configuration_version": "1"
}